block_height,block_hash,block_timestamp,transaction_index,transaction_hash,data,filetype,valid,tags,bookmarked,reviewed,annotation,nsfw,data_hash
343619,00000000000000000049d944337a9751711aa991584b54b78746ba1536c6f3ea,2015-02-15 19:17:04,563,d25dccb037dafdaa1957c53f5c406422b3f84333380b2cc1dfe838a23c4b41ea,416c6c206672656520626974636f696e2120687474703a2f2f7777772e63696e6269742e636f6d,mov,0,,0,0,,0,4f3cae313c0313537a88314ddd92c661
374079,000000000000000001ef80756d97e1811cfca7ec56d865d5dc8906b2cca3a7b3,2015-09-11 17:45:15,310,2ac09910c1b8e74377281fdff4fc8bbd73c183bf6f74eacc5c0bc6b2f1839199,69643b6d66726565642e6964,mov,0,,0,0,,0,dc30c89aa84a415ce8147e92b63c6b8b
387788,000000000000000005a8a77bbd0a23c1b822ad633cd6e457bc99d154fc725bc4,2015-12-11 01:02:55,744,59d53766d4326dd03fd5faa3c08371bd9656e6a3654c9221dc9929d3ea77aa6f,69643a656672656573656e2e6964,mov,0,,0,0,,0,a23dc57e90d2bb21d230a85472c1e2db
418375,0000000000000000016d349a061a2968a5103e46cb0958eedeeff670401e1d72,2016-06-28 15:45:12,1961,e7b17b03622a4c29ab89668f6dfa3d922d6d99b7e26bbc910f0bcbba0c152305,69643a6b6672656573652e6964,mov,0,,0,0,,0,1410216dd21d10643042fab052f31290
443978,000000000000000000fb72f84418347fd26c373a5790dcadc867b560cbcc7df9,2016-12-18 10:36:45,172,7d61a5a5f516035dda4f0c49f9e8dd554c4bc7455b7ea54cc5c11104c566225d,4c312c2366726565737065656368,mov,0,,0,0,,0,fe445cd984a549aa60dcb2987e12e4f9
450048,000000000000000000cfb944b1d639f134093838c03804e0e4cbdd0a833d2e4e,2017-01-26 05:27:44,2426,d6d7932698e9221a26f1e35021dfefb71c55934a0a05f98b52f30c9bc0f12635,435753e9b43b0ed0ad3696bc0dfa57c3280a402e4fc12fd49720857e,swf,0,,0,0,,0,b96f16e8e9d7fcc7ba5fc47b2ca055da
462769,0000000000000000011cc8924a50ed3e1338d448273bbde6f3c5f54e64c3b35f,2017-04-20 22:37:20,165,2b72a8744c55700b57fc10e89a97e3444b2282d05f8c5573d2f7ba875cbc88ac,43575358454747506937534a76384f532f4c305a54673d3d,swf,0,,0,0,,0,e9eb716d154986e412343d2790dbdb76
462769,0000000000000000011cc8924a50ed3e1338d448273bbde6f3c5f54e64c3b35f,2017-04-20 22:37:20,166,89fef375aecba9d978137ef3ff8d00f446bff4d44fc34bc815910df65287058f,43575358454747506937534a76384f532f4c305a54673d3d,swf,0,,0,0,,0,e9eb716d154986e412343d2790dbdb76
493527,00000000000000000063d85c5301975586772cd8890e36e6ed87cb528b476358,2017-11-07 21:26:40,23,40c1c0e1b5d0168ef0977784ef3d1fa037ca297a53b437e68ea842be7c990236,69643a6d66726565642e6964000000000000000000000000000000000000000000000000000000009659d60d5d5cb0a94bbf669561c3c4d96adc4361,mov,0,,0,0,,0,f663443d39ca3c4df6fd59d4aef6db14
